項次,拉丁學名,中文學名,單位,採集日,採集人,保育動物,珍稀植物,IUCN,CITES,經度,緯度,物種代碼,永久識別碼,dataFrom
1,"Prionailurus bengalensis (Kerr, 1792)",石虎;華南豹貓;豹貓;山貓;金錢貓,林務局,2006/5/16 22:46,,是,,,II,120.739,24.536,416107,urn:lsid:ngis.forest.gov.tw:BiologicalSurvey:17604,biosurvey
2,"Prionailurus bengalensis (Kerr, 1792)",石虎;華南豹貓;豹貓;山貓;金錢貓,林務局,2005/9/26 02:28,,是,,,II,120.724,24.379,416107,urn:lsid:ngis.forest.gov.tw:BiologicalSurvey:17605,biosurvey
3,"Prionailurus bengalensis (Kerr, 1792)",石虎;華南豹貓;豹貓;山貓;金錢貓,林務局,2006/7/29 19:34,,是,,,II,120.743,24.41,416107,urn:lsid:ngis.forest.gov.tw:BiologicalSurvey:17622,biosurvey
4,"Prionailurus bengalensis (Kerr, 1792)",石虎;華南豹貓;豹貓;山貓;金錢貓,林務局,2007/8/2 03:00,,是,,,II,120.757,24.606,416107,urn:lsid:ngis.forest.gov.tw:BiologicalSurvey:17639,biosurvey
5,"Prionailurus bengalensis (Kerr, 1792)",石虎;華南豹貓;豹貓;山貓;金錢貓,林務局,2005/8/17 20:35,,是,,,II,120.745,24.471,416107,urn:lsid:ngis.forest.gov.tw:BiologicalSurvey:17627,biosurvey
6,"Prionailurus bengalensis (Kerr, 1792)",石虎;華南豹貓;豹貓;山貓;金錢貓,林務局,2007/10/9 23:39,,是,,,II,120.925,24.635,416107,urn:lsid:ngis.forest.gov.tw:BiologicalSurvey:17675,biosurvey
7,"Prionailurus bengalensis (Kerr, 1792)",石虎;華南豹貓;豹貓;山貓;金錢貓,林務局,2006/8/2 15:58,,是,,,II,120.835,24.441,416107,urn:lsid:ngis.forest.gov.tw:BiologicalSurvey:17676,biosurvey
8,"Prionailurus bengalensis (Kerr, 1792)",石虎;華南豹貓;豹貓;山貓;金錢貓,林務局,2007/1/20 19:59,,是,,,II,120.916,24.637,416107,urn:lsid:ngis.forest.gov.tw:BiologicalSurvey:17681,biosurvey
9,"Prionailurus bengalensis (Kerr, 1792)",石虎;華南豹貓;豹貓;山貓;金錢貓,林務局,2007/4/2 00:21,,是,,,II,120.844,24.639,416107,urn:lsid:ngis.forest.gov.tw:BiologicalSurvey:17597,biosurvey
10,"Prionailurus bengalensis (Kerr, 1792)",石虎;華南豹貓;豹貓;山貓;金錢貓,林務局,2007/4/18 04:36,,是,,,II,120.844,24.635,416107,urn:lsid:ngis.forest.gov.tw:BiologicalSurvey:17596,biosurvey
11,"Prionailurus bengalensis (Kerr, 1792)",石虎;華南豹貓;豹貓;山貓;金錢貓,林務局,2008/2/3 21:35,,是,,,II,120.861,24.615,416107,urn:lsid:ngis.forest.gov.tw:BiologicalSurvey:17598,biosurvey
12,"Prionailurus bengalensis (Kerr, 1792)",石虎;華南豹貓;豹貓;山貓;金錢貓,林務局,2005/12/19 17:44,,是,,,II,120.767,24.548,416107,urn:lsid:ngis.forest.gov.tw:BiologicalSurvey:17600,biosurvey
13,"Prionailurus bengalensis (Kerr, 1792)",石虎;華南豹貓;豹貓;山貓;金錢貓,林務局,2008/5/18 13:04,,是,,,II,120.861,24.615,416107,urn:lsid:ngis.forest.gov.tw:BiologicalSurvey:17599,biosurvey
14,"Prionailurus bengalensis (Kerr, 1792)",石虎;華南豹貓;豹貓;山貓;金錢貓,林務局,2006/2/8 16:51,,是,,,II,120.767,24.548,416107,urn:lsid:ngis.forest.gov.tw:BiologicalSurvey:17601,biosurvey
15,"Prionailurus bengalensis (Kerr, 1792)",石虎;華南豹貓;豹貓;山貓;金錢貓,林務局,2006/5/11 07:12,,是,,,II,120.763,24.517,416107,urn:lsid:ngis.forest.gov.tw:BiologicalSurvey:17602,biosurvey
16,"Prionailurus bengalensis (Kerr, 1792)",石虎;華南豹貓;豹貓;山貓;金錢貓,林務局,2006/5/16 20:35,,是,,,II,120.722,24.559,416107,urn:lsid:ngis.forest.gov.tw:BiologicalSurvey:17603,biosurvey
17,"Prionailurus bengalensis (Kerr, 1792)",石虎;華南豹貓;豹貓;山貓;金錢貓,林務局,2005/12/27 20:23,,是,,,II,120.727,24.395,416107,urn:lsid:ngis.forest.gov.tw:BiologicalSurvey:17606,biosurvey
18,"Prionailurus bengalensis (Kerr, 1792)",石虎;華南豹貓;豹貓;山貓;金錢貓,林務局,2005/9/23 01:23,,是,,,II,120.709,24.526,416107,urn:lsid:ngis.forest.gov.tw:BiologicalSurvey:17608,biosurvey
19,"Prionailurus bengalensis (Kerr, 1792)",石虎;華南豹貓;豹貓;山貓;金錢貓,林務局,2006/7/7 19:57,,是,,,II,120.727,24.395,416107,urn:lsid:ngis.forest.gov.tw:BiologicalSurvey:17607,biosurvey
20,"Prionailurus bengalensis (Kerr, 1792)",石虎;華南豹貓;豹貓;山貓;金錢貓,林務局,2005/5/14 05:05,,是,,,II,120.735,24.522,416107,urn:lsid:ngis.forest.gov.tw:BiologicalSurvey:17611,biosurvey
21,"Prionailurus bengalensis (Kerr, 1792)",石虎;華南豹貓;豹貓;山貓;金錢貓,林務局,2004/10/17 18:17,,是,,,II,120.735,24.522,416107,urn:lsid:ngis.forest.gov.tw:BiologicalSurvey:17609,biosurvey
22,"Prionailurus bengalensis (Kerr, 1792)",石虎;華南豹貓;豹貓;山貓;金錢貓,林務局,2004/11/20 17:47,,是,,,II,120.735,24.522,416107,urn:lsid:ngis.forest.gov.tw:BiologicalSurvey:17610,biosurvey
23,"Prionailurus bengalensis (Kerr, 1792)",石虎;華南豹貓;豹貓;山貓;金錢貓,林務局,2005/9/2 03:31,,是,,,II,120.735,24.522,416107,urn:lsid:ngis.forest.gov.tw:BiologicalSurvey:17612,biosurvey
24,"Prionailurus bengalensis (Kerr, 1792)",石虎;華南豹貓;豹貓;山貓;金錢貓,林務局,2005/10/4 01:27,,是,,,II,120.735,24.522,416107,urn:lsid:ngis.forest.gov.tw:BiologicalSurvey:17613,biosurvey
25,"Prionailurus bengalensis (Kerr, 1792)",石虎;華南豹貓;豹貓;山貓;金錢貓,林務局,2006/9/25 16:06,,是,,,II,120.708,24.522,416107,urn:lsid:ngis.forest.gov.tw:BiologicalSurvey:17614,biosurvey
26,"Prionailurus bengalensis (Kerr, 1792)",石虎;華南豹貓;豹貓;山貓;金錢貓,林務局,2005/7/9 03:50,,是,,,II,120.708,24.522,416107,urn:lsid:ngis.forest.gov.tw:BiologicalSurvey:17616,biosurvey
27,"Prionailurus bengalensis (Kerr, 1792)",石虎;華南豹貓;豹貓;山貓;金錢貓,林務局,2005/7/31 10:44,,是,,,II,120.708,24.522,416107,urn:lsid:ngis.forest.gov.tw:BiologicalSurvey:17617,biosurvey
28,"Prionailurus bengalensis (Kerr, 1792)",石虎;華南豹貓;豹貓;山貓;金錢貓,林務局,2006/9/15 09:55,,是,,,II,120.708,24.522,416107,urn:lsid:ngis.forest.gov.tw:BiologicalSurvey:17615,biosurvey
29,"Prionailurus bengalensis (Kerr, 1792)",石虎;華南豹貓;豹貓;山貓;金錢貓,林務局,2005/7/29 04:50,,是,,,II,120.708,24.522,416107,urn:lsid:ngis.forest.gov.tw:BiologicalSurvey:17618,biosurvey
30,"Prionailurus bengalensis (Kerr, 1792)",石虎;華南豹貓;豹貓;山貓;金錢貓,林務局,2006/1/15 20:47,,是,,,II,120.733,24.468,416107,urn:lsid:ngis.forest.gov.tw:BiologicalSurvey:17620,biosurvey
31,"Prionailurus bengalensis (Kerr, 1792)",石虎;華南豹貓;豹貓;山貓;金錢貓,林務局,2005/6/30 01:36,,是,,,II,120.709,24.526,416107,urn:lsid:ngis.forest.gov.tw:BiologicalSurvey:17619,biosurvey
32,"Prionailurus bengalensis (Kerr, 1792)",石虎;華南豹貓;豹貓;山貓;金錢貓,林務局,2006/10/3 04:56,,是,,,II,120.733,24.468,416107,urn:lsid:ngis.forest.gov.tw:BiologicalSurvey:17621,biosurvey
33,"Prionailurus bengalensis (Kerr, 1792)",石虎;華南豹貓;豹貓;山貓;金錢貓,林務局,2006/2/27 09:41,,是,,,II,120.708,24.522,416107,urn:lsid:ngis.forest.gov.tw:BiologicalSurvey:17624,biosurvey
34,"Prionailurus bengalensis (Kerr, 1792)",石虎;華南豹貓;豹貓;山貓;金錢貓,林務局,2006/8/3 01:30,,是,,,II,120.743,24.41,416107,urn:lsid:ngis.forest.gov.tw:BiologicalSurvey:17623,biosurvey
35,"Prionailurus bengalensis (Kerr, 1792)",石虎;華南豹貓;豹貓;山貓;金錢貓,林務局,2006/7/21 20:37,,是,,,II,120.708,24.522,416107,urn:lsid:ngis.forest.gov.tw:BiologicalSurvey:17625,biosurvey
36,"Prionailurus bengalensis (Kerr, 1792)",石虎;華南豹貓;豹貓;山貓;金錢貓,林務局,2005/11/11 05:37,,是,,,II,120.708,24.478,416107,urn:lsid:ngis.forest.gov.tw:BiologicalSurvey:17626,biosurvey
37,"Prionailurus bengalensis (Kerr, 1792)",石虎;華南豹貓;豹貓;山貓;金錢貓,林務局,2005/6/27 17:19,,是,,,II,120.707,24.479,416107,urn:lsid:ngis.forest.gov.tw:BiologicalSurvey:17628,biosurvey
38,"Prionailurus bengalensis (Kerr, 1792)",石虎;華南豹貓;豹貓;山貓;金錢貓,林務局,2005/4/10 17:53,,是,,,II,120.729,24.481,416107,urn:lsid:ngis.forest.gov.tw:BiologicalSurvey:17630,biosurvey
39,"Prionailurus bengalensis (Kerr, 1792)",石虎;華南豹貓;豹貓;山貓;金錢貓,林務局,2005/6/27 23:32,,是,,,II,120.707,24.479,416107,urn:lsid:ngis.forest.gov.tw:BiologicalSurvey:17629,biosurvey
40,"Prionailurus bengalensis (Kerr, 1792)",石虎;華南豹貓;豹貓;山貓;金錢貓,林務局,2005/5/2 04:30,,是,,,II,120.749,24.474,416107,urn:lsid:ngis.forest.gov.tw:BiologicalSurvey:17631,biosurvey
41,"Prionailurus bengalensis (Kerr, 1792)",石虎;華南豹貓;豹貓;山貓;金錢貓,林務局,2008/4/4 18:17,,是,,,II,120.757,24.606,416107,urn:lsid:ngis.forest.gov.tw:BiologicalSurvey:17633,biosurvey
42,"Prionailurus bengalensis (Kerr, 1792)",石虎;華南豹貓;豹貓;山貓;金錢貓,林務局,2008/3/10 23:50,,是,,,II,120.757,24.606,416107,urn:lsid:ngis.forest.gov.tw:BiologicalSurvey:17632,biosurvey
43,"Prionailurus bengalensis (Kerr, 1792)",石虎;華南豹貓;豹貓;山貓;金錢貓,林務局,2008/8/16 22:50,,是,,,II,120.91,24.485,416107,urn:lsid:ngis.forest.gov.tw:BiologicalSurvey:17634,biosurvey
44,"Prionailurus bengalensis (Kerr, 1792)",石虎;華南豹貓;豹貓;山貓;金錢貓,林務局,2005/7/9 19:36,,是,,,II,120.804,24.369,416107,urn:lsid:ngis.forest.gov.tw:BiologicalSurvey:17635,biosurvey
45,"Prionailurus bengalensis (Kerr, 1792)",石虎;華南豹貓;豹貓;山貓;金錢貓,林務局,2008/6/29 05:13,,是,,,II,120.772,24.37,416107,urn:lsid:ngis.forest.gov.tw:BiologicalSurvey:17636,biosurvey
46,"Prionailurus bengalensis (Kerr, 1792)",石虎;華南豹貓;豹貓;山貓;金錢貓,林務局,2005/11/11 04:21,,是,,,II,120.708,24.478,416107,urn:lsid:ngis.forest.gov.tw:BiologicalSurvey:17637,biosurvey
47,"Prionailurus bengalensis (Kerr, 1792)",石虎;華南豹貓;豹貓;山貓;金錢貓,林務局,2007/7/30 19:16,,是,,,II,120.757,24.606,416107,urn:lsid:ngis.forest.gov.tw:BiologicalSurvey:17638,biosurvey
48,"Prionailurus bengalensis (Kerr, 1792)",石虎;華南豹貓;豹貓;山貓;金錢貓,林務局,2007/12/11 23:04,,是,,,II,120.757,24.606,416107,urn:lsid:ngis.forest.gov.tw:BiologicalSurvey:17640,biosurvey
49,"Prionailurus bengalensis (Kerr, 1792)",石虎;華南豹貓;豹貓;山貓;金錢貓,林務局,2008/1/13 17:32,,是,,,II,120.757,24.606,416107,urn:lsid:ngis.forest.gov.tw:BiologicalSurvey:17641,biosurvey
50,"Prionailurus bengalensis (Kerr, 1792)",石虎;華南豹貓;豹貓;山貓;金錢貓,林務局,2008/1/29 00:32,,是,,,II,120.757,24.606,416107,urn:lsid:ngis.forest.gov.tw:BiologicalSurvey:17642,biosurvey
51,"Prionailurus bengalensis (Kerr, 1792)",石虎;華南豹貓;豹貓;山貓;金錢貓,林務局,2008/1/21 22:15,,是,,,II,120.757,24.606,416107,urn:lsid:ngis.forest.gov.tw:BiologicalSurvey:17643,biosurvey
52,"Prionailurus bengalensis (Kerr, 1792)",石虎;華南豹貓;豹貓;山貓;金錢貓,林務局,2007/12/25 14:03,,是,,,II,120.772,24.604,416107,urn:lsid:ngis.forest.gov.tw:BiologicalSurvey:17644,biosurvey
53,"Prionailurus bengalensis (Kerr, 1792)",石虎;華南豹貓;豹貓;山貓;金錢貓,林務局,2008/1/29 02:17,,是,,,II,120.772,24.604,416107,urn:lsid:ngis.forest.gov.tw:BiologicalSurvey:17645,biosurvey
54,"Prionailurus bengalensis (Kerr, 1792)",石虎;華南豹貓;豹貓;山貓;金錢貓,林務局,2008/1/11 10:24,,是,,,II,120.772,24.604,416107,urn:lsid:ngis.forest.gov.tw:BiologicalSurvey:17646,biosurvey
55,"Prionailurus bengalensis (Kerr, 1792)",石虎;華南豹貓;豹貓;山貓;金錢貓,林務局,2007/8/15 20:55,,是,,,II,120.757,24.606,416107,urn:lsid:ngis.forest.gov.tw:BiologicalSurvey:17647,biosurvey
56,"Prionailurus bengalensis (Kerr, 1792)",石虎;華南豹貓;豹貓;山貓;金錢貓,林務局,2007/7/24 19:14,,是,,,II,120.757,24.606,416107,urn:lsid:ngis.forest.gov.tw:BiologicalSurvey:17648,biosurvey
57,"Prionailurus bengalensis (Kerr, 1792)",石虎;華南豹貓;豹貓;山貓;金錢貓,林務局,2007/8/10 23:51,,是,,,II,120.757,24.606,416107,urn:lsid:ngis.forest.gov.tw:BiologicalSurvey:17649,biosurvey
58,"Prionailurus bengalensis (Kerr, 1792)",石虎;華南豹貓;豹貓;山貓;金錢貓,林務局,2007/8/16 03:39,,是,,,II,120.772,24.604,416107,urn:lsid:ngis.forest.gov.tw:BiologicalSurvey:17650,biosurvey
59,"Prionailurus bengalensis (Kerr, 1792)",石虎;華南豹貓;豹貓;山貓;金錢貓,林務局,2007/8/24 04:02,,是,,,II,120.772,24.604,416107,urn:lsid:ngis.forest.gov.tw:BiologicalSurvey:17651,biosurvey
60,"Prionailurus bengalensis (Kerr, 1792)",石虎;華南豹貓;豹貓;山貓;金錢貓,林務局,2007/8/12 19:27,,是,,,II,120.772,24.604,416107,urn:lsid:ngis.forest.gov.tw:BiologicalSurvey:17652,biosurvey
61,"Prionailurus bengalensis (Kerr, 1792)",石虎;華南豹貓;豹貓;山貓;金錢貓,林務局,2007/9/30 08:35,,是,,,II,120.772,24.604,416107,urn:lsid:ngis.forest.gov.tw:BiologicalSurvey:17653,biosurvey
62,"Prionailurus bengalensis (Kerr, 1792)",石虎;華南豹貓;豹貓;山貓;金錢貓,林務局,2007/11/11 17:59,,是,,,II,120.772,24.604,416107,urn:lsid:ngis.forest.gov.tw:BiologicalSurvey:17654,biosurvey
63,"Prionailurus bengalensis (Kerr, 1792)",石虎;華南豹貓;豹貓;山貓;金錢貓,林務局,2007/11/25 06:59,,是,,,II,120.772,24.604,416107,urn:lsid:ngis.forest.gov.tw:BiologicalSurvey:17655,biosurvey
64,"Prionailurus bengalensis (Kerr, 1792)",石虎;華南豹貓;豹貓;山貓;金錢貓,林務局,2007/8/1 05:16,,是,,,II,120.773,24.604,416107,urn:lsid:ngis.forest.gov.tw:BiologicalSurvey:17656,biosurvey
65,"Prionailurus bengalensis (Kerr, 1792)",石虎;華南豹貓;豹貓;山貓;金錢貓,林務局,2008/3/19 20:55,,是,,,II,120.772,24.604,416107,urn:lsid:ngis.forest.gov.tw:BiologicalSurvey:17658,biosurvey
66,"Prionailurus bengalensis (Kerr, 1792)",石虎;華南豹貓;豹貓;山貓;金錢貓,林務局,2007/5/22 17:06,,是,,,II,120.772,24.604,416107,urn:lsid:ngis.forest.gov.tw:BiologicalSurvey:17659,biosurvey
67,"Prionailurus bengalensis (Kerr, 1792)",石虎;華南豹貓;豹貓;山貓;金錢貓,林務局,2007/6/14 04:15,,是,,,II,120.772,24.604,416107,urn:lsid:ngis.forest.gov.tw:BiologicalSurvey:17660,biosurvey
68,"Prionailurus bengalensis (Kerr, 1792)",石虎;華南豹貓;豹貓;山貓;金錢貓,林務局,2007/6/14 00:44,,是,,,II,120.772,24.604,416107,urn:lsid:ngis.forest.gov.tw:BiologicalSurvey:17661,biosurvey
69,"Prionailurus bengalensis (Kerr, 1792)",石虎;華南豹貓;豹貓;山貓;金錢貓,林務局,2007/8/1 01:09,,是,,,II,120.772,24.604,416107,urn:lsid:ngis.forest.gov.tw:BiologicalSurvey:17662,biosurvey
70,"Prionailurus bengalensis (Kerr, 1792)",石虎;華南豹貓;豹貓;山貓;金錢貓,林務局,2008/6/24 01:01,,是,,,II,120.871,24.57,416107,urn:lsid:ngis.forest.gov.tw:BiologicalSurvey:17663,biosurvey
71,"Prionailurus bengalensis (Kerr, 1792)",石虎;華南豹貓;豹貓;山貓;金錢貓,林務局,2007/3/5 03:58,,是,,,II,120.891,24.403,416107,urn:lsid:ngis.forest.gov.tw:BiologicalSurvey:17665,biosurvey
72,"Prionailurus bengalensis (Kerr, 1792)",石虎;華南豹貓;豹貓;山貓;金錢貓,林務局,2006/9/12 04:59,,是,,,II,120.881,24.394,416107,urn:lsid:ngis.forest.gov.tw:BiologicalSurvey:17666,biosurvey
73,"Prionailurus bengalensis (Kerr, 1792)",石虎;華南豹貓;豹貓;山貓;金錢貓,林務局,2007/2/21 16:37,,是,,,II,120.891,24.403,416107,urn:lsid:ngis.forest.gov.tw:BiologicalSurvey:17664,biosurvey
74,"Prionailurus bengalensis (Kerr, 1792)",石虎;華南豹貓;豹貓;山貓;金錢貓,林務局,2006/9/18 03:32,,是,,,II,120.881,24.394,416107,urn:lsid:ngis.forest.gov.tw:BiologicalSurvey:17667,biosurvey
75,"Prionailurus bengalensis (Kerr, 1792)",石虎;華南豹貓;豹貓;山貓;金錢貓,林務局,2007/7/15 23:07,,是,,,II,120.773,24.604,416107,urn:lsid:ngis.forest.gov.tw:BiologicalSurvey:17668,biosurvey
76,"Prionailurus bengalensis (Kerr, 1792)",石虎;華南豹貓;豹貓;山貓;金錢貓,林務局,2006/11/3 05:02,,是,,,II,120.949,24.658,416107,urn:lsid:ngis.forest.gov.tw:BiologicalSurvey:17669,biosurvey
77,"Prionailurus bengalensis (Kerr, 1792)",石虎;華南豹貓;豹貓;山貓;金錢貓,林務局,2006/11/25 19:53,,是,,,II,120.949,24.658,416107,urn:lsid:ngis.forest.gov.tw:BiologicalSurvey:17670,biosurvey
78,"Prionailurus bengalensis (Kerr, 1792)",石虎;華南豹貓;豹貓;山貓;金錢貓,林務局,2007/8/25 23:56,,是,,,II,120.932,24.645,416107,urn:lsid:ngis.forest.gov.tw:BiologicalSurvey:17671,biosurvey
79,"Prionailurus bengalensis (Kerr, 1792)",石虎;華南豹貓;豹貓;山貓;金錢貓,林務局,2007/10/15 02:59,,是,,,II,120.934,24.645,416107,urn:lsid:ngis.forest.gov.tw:BiologicalSurvey:17673,biosurvey
80,"Prionailurus bengalensis (Kerr, 1792)",石虎;華南豹貓;豹貓;山貓;金錢貓,林務局,2007/9/30 04:40,,是,,,II,120.934,24.645,416107,urn:lsid:ngis.forest.gov.tw:BiologicalSurvey:17674,biosurvey
81,"Prionailurus bengalensis (Kerr, 1792)",石虎;華南豹貓;豹貓;山貓;金錢貓,林務局,2006/10/8 20:04,,是,,,II,120.835,24.441,416107,urn:lsid:ngis.forest.gov.tw:BiologicalSurvey:17678,biosurvey
82,"Prionailurus bengalensis (Kerr, 1792)",石虎;華南豹貓;豹貓;山貓;金錢貓,林務局,2006/9/26 20:26,,是,,,II,120.835,24.441,416107,urn:lsid:ngis.forest.gov.tw:BiologicalSurvey:17677,biosurvey
83,"Prionailurus bengalensis (Kerr, 1792)",石虎;華南豹貓;豹貓;山貓;金錢貓,林務局,2006/11/17 06:38,,是,,,II,120.935,24.665,416107,urn:lsid:ngis.forest.gov.tw:BiologicalSurvey:17679,biosurvey
84,"Prionailurus bengalensis (Kerr, 1792)",石虎;華南豹貓;豹貓;山貓;金錢貓,林務局,2006/11/23 20:57,,是,,,II,120.927,24.673,416107,urn:lsid:ngis.forest.gov.tw:BiologicalSurvey:17680,biosurvey
85,"Prionailurus bengalensis (Kerr, 1792)",石虎;華南豹貓;豹貓;山貓;金錢貓,林務局,2006/2/24 21:06,,是,,,II,120.767,24.548,416107,urn:lsid:ngis.forest.gov.tw:BiologicalSurvey:17682,biosurvey
86,"Prionailurus bengalensis (Kerr, 1792)",石虎;華南豹貓;豹貓;山貓;金錢貓,林務局,2006/6/9 01:27,,是,,,II,120.767,24.548,416107,urn:lsid:ngis.forest.gov.tw:BiologicalSurvey:17683,biosurvey
87,"Prionailurus bengalensis (Kerr, 1792)",石虎;華南豹貓;豹貓;山貓;金錢貓,林務局,2006/4/15 20:34,,是,,,II,120.781,24.527,416107,urn:lsid:ngis.forest.gov.tw:BiologicalSurvey:17684,biosurvey
88,"Prionailurus bengalensis (Kerr, 1792)",石虎;華南豹貓;豹貓;山貓;金錢貓,林務局,2005/12/28 21:18,,是,,,II,120.815,24.411,416107,urn:lsid:ngis.forest.gov.tw:BiologicalSurvey:17687,biosurvey
89,"Prionailurus bengalensis (Kerr, 1792)",石虎;華南豹貓;豹貓;山貓;金錢貓,林務局,2006/5/14 03:37,,是,,,II,120.781,24.527,416107,urn:lsid:ngis.forest.gov.tw:BiologicalSurvey:17685,biosurvey
90,"Prionailurus bengalensis (Kerr, 1792)",石虎;華南豹貓;豹貓;山貓;金錢貓,林務局,2005/8/17 19:17,,是,,,II,120.839,24.408,416107,urn:lsid:ngis.forest.gov.tw:BiologicalSurvey:17686,biosurvey
91,"Prionailurus bengalensis (Kerr, 1792)",石虎;華南豹貓;豹貓;山貓;金錢貓,林務局,,許彰敏,是,,,II,120.872,22.598,416107,urn:lsid:ngis.forest.gov.tw:forest_resource:1183,forest_resource
92,"Prionailurus bengalensis (Kerr, 1792)",石虎;華南豹貓;豹貓;山貓;金錢貓,林務局,,許彰敏,是,,,II,120.901,22.679,416107,urn:lsid:ngis.forest.gov.tw:forest_resource:1182,forest_resource
93,"Prionailurus bengalensis (Kerr, 1792)",石虎;華南豹貓;豹貓;山貓;金錢貓,林務局,,紀金秋,是,,,II,120.971,24.467,416107,urn:lsid:ngis.forest.gov.tw:forest_resource:1181,forest_resource
94,"Prionailurus bengalensis (Kerr, 1792)",石虎;華南豹貓;豹貓;山貓;金錢貓,林務局,,許彰敏,是,,,II,120.93,22.679,416107,urn:lsid:ngis.forest.gov.tw:forest_resource:1180,forest_resource
95,"Prionailurus bengalensis (Kerr, 1792)",石虎;華南豹貓;豹貓;山貓;金錢貓,林務局,2012/4/3 07:00,陳美汀,,,,,120.757,24.497,416107,urn:lsid:ngis.forest.gov.tw:BiologicalSurvey:24720,biosurvey
96,"Prionailurus bengalensis (Kerr, 1792)",石虎;華南豹貓;豹貓;山貓;金錢貓,林務局,2012/4/5 08:00,陳美汀,,,,,120.744,24.505,416107,urn:lsid:ngis.forest.gov.tw:BiologicalSurvey:24721,biosurvey
97,"Prionailurus bengalensis (Kerr, 1792)",石虎;華南豹貓;豹貓;山貓;金錢貓,林務局,2012/4/11 07:00,陳美汀,,,,,120.7,24.531,416107,urn:lsid:ngis.forest.gov.tw:BiologicalSurvey:24722,biosurvey
98,"Prionailurus bengalensis (Kerr, 1792)",石虎;華南豹貓;豹貓;山貓;金錢貓,林務局,2012/4/11 09:00,陳美汀,,,,,120.741,24.49,416107,urn:lsid:ngis.forest.gov.tw:BiologicalSurvey:24723,biosurvey
99,"Prionailurus bengalensis (Kerr, 1792)",石虎;華南豹貓;豹貓;山貓;金錢貓,林務局,2013/3/21 21:00,陳美汀,,,,,120.791,24.551,416107,urn:lsid:ngis.forest.gov.tw:BiologicalSurvey:24724,biosurvey
100,"Prionailurus bengalensis (Kerr, 1792)",石虎;華南豹貓;豹貓;山貓;金錢貓,林務局,2013/1/2 17:00,陳美汀,,,,,120.839,24.408,416107,urn:lsid:ngis.forest.gov.tw:BiologicalSurvey:24725,biosurvey
101,"Prionailurus bengalensis (Kerr, 1792)",石虎;華南豹貓;豹貓;山貓;金錢貓,林務局,2013/2/26 20:00,陳美汀,,,,,120.789,24.416,416107,urn:lsid:ngis.forest.gov.tw:BiologicalSurvey:24726,biosurvey
102,"Prionailurus bengalensis (Kerr, 1792)",石虎;華南豹貓;豹貓;山貓;金錢貓,林務局,2012/10/31 05:00,陳美汀,,,,,120.815,24.412,416107,urn:lsid:ngis.forest.gov.tw:BiologicalSurvey:24727,biosurvey
103,"Prionailurus bengalensis (Kerr, 1792)",石虎;華南豹貓;豹貓;山貓;金錢貓,林務局,2013/7/27 18:00,陳美汀,,,,,120.878,24.31,416107,urn:lsid:ngis.forest.gov.tw:BiologicalSurvey:24728,biosurvey
104,"Prionailurus bengalensis (Kerr, 1792)",石虎;華南豹貓;豹貓;山貓;金錢貓,林務局,2013/7/15 16:00,陳美汀,,,,,120.847,24.338,416107,urn:lsid:ngis.forest.gov.tw:BiologicalSurvey:24729,biosurvey
105,"Prionailurus bengalensis (Kerr, 1792)",石虎;華南豹貓;豹貓;山貓;金錢貓,林務局,2013/8/19 03:00,陳美汀,,,,,120.84,24.323,416107,urn:lsid:ngis.forest.gov.tw:BiologicalSurvey:24730,biosurvey
106,"Prionailurus bengalensis (Kerr, 1792)",石虎;華南豹貓;豹貓;山貓;金錢貓,林務局,2012/3/9 19:00,陳美汀,,,,,120.762,24.587,416107,urn:lsid:ngis.forest.gov.tw:BiologicalSurvey:24731,biosurvey
107,"Prionailurus bengalensis (Kerr, 1792)",石虎;華南豹貓;豹貓;山貓;金錢貓,林務局,2012/11/17 01:00,陳美汀,,,,,120.773,24.601,416107,urn:lsid:ngis.forest.gov.tw:BiologicalSurvey:24732,biosurvey
108,"Prionailurus bengalensis (Kerr, 1792)",石虎;華南豹貓;豹貓;山貓;金錢貓,林務局,2012/3/18 20:00,陳美汀,,,,,120.786,24.385,416107,urn:lsid:ngis.forest.gov.tw:BiologicalSurvey:24733,biosurvey
109,"Prionailurus bengalensis (Kerr, 1792)",石虎;華南豹貓;豹貓;山貓;金錢貓,林務局,2012/2/27 23:00,陳美汀,,,,,120.804,24.369,416107,urn:lsid:ngis.forest.gov.tw:BiologicalSurvey:24734,biosurvey
110,"Prionailurus bengalensis (Kerr, 1792)",石虎;華南豹貓;豹貓;山貓;金錢貓,林務局,2012/4/3 21:00,陳美汀,,,,,120.766,24.475,416107,urn:lsid:ngis.forest.gov.tw:BiologicalSurvey:24735,biosurvey
111,"Prionailurus bengalensis (Kerr, 1792)",石虎;華南豹貓;豹貓;山貓;金錢貓,林務局,2013/9/25 16:00,陳美汀,,,,,120.751,24.421,416107,urn:lsid:ngis.forest.gov.tw:BiologicalSurvey:24736,biosurvey
112,"Prionailurus bengalensis (Kerr, 1792)",石虎;華南豹貓;豹貓;山貓;金錢貓,林務局,2013/11/12 20:00,陳美汀,,,,,120.749,24.414,416107,urn:lsid:ngis.forest.gov.tw:BiologicalSurvey:24737,biosurvey
113,"Prionailurus bengalensis (Kerr, 1792)",石虎;華南豹貓;豹貓;山貓;金錢貓,林務局,2012/5/29 13:00,陳美汀,,,,,120.735,24.521,416107,urn:lsid:ngis.forest.gov.tw:BiologicalSurvey:24738,biosurvey
114,"Prionailurus bengalensis (Kerr, 1792)",石虎;華南豹貓;豹貓;山貓;金錢貓,林務局,2012/8/6 04:00,陳美汀,,,,,120.724,24.379,416107,urn:lsid:ngis.forest.gov.tw:BiologicalSurvey:24739,biosurvey
115,"Prionailurus bengalensis (Kerr, 1792)",石虎;華南豹貓;豹貓;山貓;金錢貓,林務局,2012/5/23 00:00,陳美汀,,,,,120.715,24.386,416107,urn:lsid:ngis.forest.gov.tw:BiologicalSurvey:24740,biosurvey
116,"Prionailurus bengalensis (Kerr, 1792)",石虎;華南豹貓;豹貓;山貓;金錢貓,林務局,2012/4/2 19:00,陳美汀,,,,,120.716,24.381,416107,urn:lsid:ngis.forest.gov.tw:BiologicalSurvey:24741,biosurvey
